{"Training Loss": 0.012849807739257812, "_timestamp": 1699886620.25512, "_runtime": 804.6003861427307, "_step": 11, "Sampled Images": {"_type": "images/separated", "width": 64, "height": 64, "format": "png", "count": 6, "filenames": ["media/images/Sampled Images_11_26b43d0d689ad557a98d.png", "media/images/Sampled Images_11_c073e4c5271f7916ea5a.png", "media/images/Sampled Images_11_b1f9f4fc3a35d988c8a8.png", "media/images/Sampled Images_11_285046ddcce2ab806601.png", "media/images/Sampled Images_11_975faf9aff9578074295.png", "media/images/Sampled Images_11_b3b55f6bd91311ef4cff.png"]}}