{"Training Loss": 0.5638243556022644, "_timestamp": 1699891977.4372811, "_runtime": 344.914920091629, "_step": 13, "Sampled Images": {"_type": "images/separated", "width": 64, "height": 64, "format": "png", "count": 6, "filenames": ["media/images/Sampled Images_13_aafa0061d60d11ff9395.png", "media/images/Sampled Images_13_10b88d426a72785ed73d.png", "media/images/Sampled Images_13_841fd176230cc9889ed1.png", "media/images/Sampled Images_13_efef03e10d8590803ebe.png", "media/images/Sampled Images_13_dc9db26b2f43ebc00712.png", "media/images/Sampled Images_13_f3c23cbc9afc0a93211d.png"]}}