{"Training Loss": 0.016986671835184097, "_timestamp": 1699885802.3472157, "_runtime": 570.9209206104279, "_step": 1677, "Sampled Images": {"_type": "images/separated", "width": 64, "height": 64, "format": "png", "count": 6, "filenames": ["media/images/Sampled Images_1443_8eb1d9fb9cf14b8a679a.png", "media/images/Sampled Images_1443_e2e44cf1e66d00be8e6f.png", "media/images/Sampled Images_1443_32588a93795924ef6735.png", "media/images/Sampled Images_1443_7eedbe66a63b22337ece.png", "media/images/Sampled Images_1443_9a16071c6c0df8a43f18.png", "media/images/Sampled Images_1443_db7aad741f4df62dd2cd.png"]}}